term1,term2,term3,term4,term5
Stefanie A. Wind,Leigh M. Harrell-Williams,,,
Courtney Donovan,,,,
Agustin Tristan-Lopez,,,,
Luigi Tesio,,,,
Trevor G. Bond,,,,
Stefanie A. Wind,Leigh M. Harrell-Williams,,,
Rajat Chadha,Eric R. Deutz,Timothy J. Muckle,,
Trevor G. Bond,,,,
Stefanie A. Wind,Leigh M. Harrell-Williams,,,
William P. Fisher Jr,,,,
Agustin Tristan,Austen El-Osta,,,
Stefanie A. Wind,Leigh M. Harrell-Williams,,,
Eunji Lee,George Engelhard Jr,,,
Stefanie A. Wind,Leigh M. Harrell-Williams,,,
Trent Haines,,,,
Ida Marais,Sonia Sappl,,,
Stefanie A. Wind,Leigh M. Harrell-Williams,,,
Trent Haines,,,,
George Engelhard Jr,,,,
J. Boone,,,,
Stefanie A. Wind,,,,
Stefanie A. Wind,,,,
Wen-Chia Claire Chang,,,,
S bastien B land, ric Dionne,,,
Stefanie A. Wind,Leigh M. Harrell-Williams,,,
Thomas R. O eill,Ting Wang,,,
Trent Haines,,,,
Randy MacIntosh,,,,
Stefanie A. Wind,,,,
Stefanie A. Wind,Leigh M. Harrell-Williams,,,
Yang Shao,Sanjay Nadkarni,Kailun Niu,Tsair-Wei Chien,
Carol Myford,,,,
Stefanie A. Wind,Leigh M. Harrell-Williams,,,
David Andrich,,,,
Stefanie A. Wind,,,,
Eli Jones,Dandan Liao,,,
Eli Jones,Dandan Liao,,,
Susan Lyons,,,,
Stefanie A. Wind,Leigh M. Harrell-Williams,,,
David Andrich,Sonia Sappl,,,
Hak Ping Tam,Richard M. Smith,,,
George Engelhard Jr,,,,
Jue Wang,,,,
Tonya R. Moon,,,,
Stefanie A. Wind,Leigh M. Harrell-Williams,,,
David Andrich,,,,
A. Adrienne Walker,,,,
John M. Linacre,,,,
Perman Gochyyvev,Veronica Santelices,Yukie Toyama,Wilson M,
Jue Wang,,,,
Stefanie A. Wind,Leigh M. Harrell-Williams,,,
Jiaqi Mao,Kyle Perkins,,,
Vahid Aryadoust,,,,
Kathy E. Green,Antonio Olmos,,,
Williams J,John R. Staver,,,
Stefanie A. Wind,Leigh M. Harrell-Williams,,,
David Andrich,,,,
Kenneth Royal,Margaret E. Gruen,,,
Trevor G. Bond,,,,
Stefanie A. Wind,Leigh M. Harrell-Williams,,,
John M. Linacre,,,,
Andrew Maul,,,,
Luca Mari,,,,
Neal Kingston,,,,
E. Matthew Schulz,,,,
Stefanie A. Wind,Leigh M. Harrell-Williams,,,
Stefanie A. Wind,Leigh M. Harrell-Williams,,,
Stefanie A. Wind,Leigh M. Harrell-Williams,,,
William P. Fisher Jr,,,,
A. Adrienne Walker,,,,
Agustin Tristan,,,,
Tsair-Wei Chien,Yang Shao,,,
Cari Hermman Abell,,,,
Stefanie A. Wind,Leigh M. Harrell-Williams,,,
Richard M. Smith,,,,
Stefanie A. Wind,,,,
Agustin Tristan,,,,
Purya Baghaei,Roya Shoahosseini,,,
Tsair-Wei Chien,Yang Shao,,,
Richard M. Smith,,,,
Stefanie A. Wind,Leigh M. Harrell-Williams,,,
Hong Jiao,,,,
Cari Herrmman-Abell,,,,
Stefanie A. Wind,,,,
Cari Herrmman-Abell,,,,
Andrew Maul,,,,
Yukie Toyoma,,,,
Kenneth Royal,,,,
William P. Fisher Jr,,,,
Tsair-Wei Chien,Yang Shao,,,
William P. Fisher Jr,,,,
Bill Boone,,,,
Rense Lange,,,,
Tsair-Wei Chien,,,,
Tsair-Wei Chien,,,,
Kenneth Royal,,,,
Agustin Tristan-Lopez,Agustin Tristan-Aldave,,,
Michael Peabody,,,,
John M. Linacre,,,,
George Engelhard Jr,Jue Wang,,,
Williams J,,,,
R. Trent Haines,,,,
Kenneth Royal,,,,
Nick Marosszeky,,,,
R. Trent Haines,,,,
John M. Linacre,,,,
P. Baghaei,T. Yanagida,M. Heene,,
Tsair-Wei Chien,W.-C. Wang,,,
L. Harrell-Williams,,,,
S. Thomas,,,,
L. Harrell-Williams,,,,
G. Engelhard,J.K. Jennings,,,
K. Royal,M. Lybarger,,,
John M. Linacre,,,,
A.A. Walker,,,,
S.A. Wind,C. Hua,M. Porter,C. Stager,S. Zhang
G. Engelhard,E.M. Engelhard,M.P. Rabbitt,,
F. Tze-ho,,,,
N. Marosszeky,,,,
A.A. Walker,,,,
William P. Fisher Jr,,,,
M. Peabody,,,,
Tsair-Wei Chien,,,,
Tsair-Wei Chien,,,,
L.M. Harrell-Williams,,,,
S.A. Wind,,,,
John M. Linacre,Wright B.D,,,
David Andrich,,,,
M. Moulton,,,,
M. Stone,J. Stenner,,,
K. Royal,M. Lybarger,,,
Tsair-Wei Chien,Yang Shao,,,
Tsair-Wei Chien,,,,
John M. Linacre,,,,
J. Tognolini,,,,
Tsair-Wei Chien,,,,
William P. Fisher Jr,,,,
A. Maul,,,,
K. Royal,,,,
John M. Linacre,,,,
W.J. Boone,,,,
M. Moulton,,,,
R. Henderson,,,,
J. Stahl,,,,
Trevor G. Bond,,,,
R.K. Hambleton,,,,
J. Stenner,,,,
T. Mallinson,,,,
N. Bezruczko,,,,
T. O Neill,,,,
G. Engelhard,,,,
David Andrich,,,,
M.H. Stone,,,,
R. Lange,,,,
William P. Fisher Jr,,,,
Trevor G. Bond,,,,
M.R. Peabody,T.R. O Neill,L.E. Peterson,,
William P. Fisher Jr,,,,
Tsair-Wei Chien,N. Djaja,M. Janda,C. Olsen,D. Whiteman
William P. Fisher Jr,,,,
Greg Sampson,,,,
N. Bezruczko,,,,
M.H. Stone,A.J. Stenner,,,
K.D. Royal,M. Lybarger,William P. Fisher Jr,,
K.D. Royal,,,,
William P. Fisher Jr,,,,
P. Hagell,,,,
G. Engelhard,J. Wang,,,
Tsair-Wei Chien,N. Djaja,,,
William P. Fisher Jr,,,,
J. Tognolini,,,,
David Andrich,,,,
L. Tesio,,,,
M. Stone,J. Stenner,,,
S.A. Wind,G. Engelhard,,,
Tsair-Wei Chien,N. Djaja,,,
N. Marosszeky,,,,
John M. Linacre,,,,
William P. Fisher Jr,,,,
K.D. Royal,K.S. Akers,,,
N. Marosszeky,,,,
John M. Linacre,,,,
William P. Fisher Jr,,,,
P. Panayides,,,,
M. Moulton,,,,
John M. Linacre,,,,
L. Tesio,,,,
R. Freund,,,,
J. Wang,G. Engelhard,,,
William P. Fisher Jr,,,,
M.S. Yale,,,,
M. Stone,J. Stenner,,,
William P. Fisher Jr,,,,
John M. Linacre,,,,
T. O Neil,,,,
W.J. Boone,,,,
M.H. Moulton,,,,
Ying Du,,,,
Andrew Ward,John M. Linacre,,,
William P. Fisher Jr,,,,
Wright B.D,David Andrich,,,
Tim O Neil,,,,
Melanie Lybarger,,,,
Wright B.D,,,,
Stuart Luppescu,,,,
John M. Linacre,,,,
Kenneth Royal,Mikaela Raddatz,,,
T. Vander Ark,,,,
John M. Linacre,Gregory Chan,Raymond J. Adams,,
J.M. Terron,,,,
John A. Stahl,Gregory M. Applegate,,,
Kenneth Royal,Mari-Wells Hedgpeth,,,
William P. Fisher Jr,,,,
Tim O Neil,,,,
Erik Johnsen,,,,
John M. Linacre,,,,
George Engelhard Jr,,,,
Tim O Neil,,,,
Mark H. Stone,A. J. Stenner,,,
D. Royal,Allie Brosh,,,
John M. Linacre,,,,
Karl Bang Christensen,George Engelhard Jr,Thomas Salzberger,,
William P. Fisher Jr,,,,
Tsair-Wei Chien,,,,
Jonathan Hippisley,,,,
John M. Linacre,William P. Fisher Jr,,,
Paola Annoni,Dorota Weziak-Bialowolska,,,
Kenneth Royal,,,,
Kenneth Royal,,,,
William P. Fisher Jr,,,,
Peter Tymms,Panayiotis Panayides,,,
Kenneth Royal,,,,
Jonathan Hippisley,,,,
Kirk Becker,,,,
John M. Linacre,,,,
Mark Stone,Jack Stenner,,,
Svend Kreiner,,,,
William P. Fisher Jr,,,,
S.A. Wind,G. Engelhard,,,
W.-C. Wang,,,,
John M. Linacre,G. Karabatsos,,,
E. Bouchard,,,,
Edward Li,,,,
K. Royal,,,,
A. Tennant,J. Pallant,,,
Wright B.D,R.W. Woodcock,,,
John M. Linacre,,,,
Wilson M,,,,
William P. Fisher Jr,,,,
G.D. Sideridis,,,,
F. Yumoto,M. Stone,,,
T.R. O Neill,,,,
S.A. Wind,G. Engelhard,,,
A. Kyngdon,,,,
M. Smith III,,,,
B. Riley,,,,
William P. Fisher Jr,,,,
A. Stephanou,,,,
I. Tsaousis,,,,
T. Mallinson,,,,
David Andrich,,,,
T.R. O Neill,,,,
B. Schulte,,,,
G. Luo,,,,
New Orleans,,,,
G. Rasch,,,,
William P. Fisher Jr,,,,
John M. Linacre,,,,
G. Stone,,,,
A. Tennant,,,,
William P. Fisher Jr,,,,
John M. Linacre,,,,
Wright B.D,,,,
K.D. Royal,,,,
J.F. Albano,,,,
G. Fischer,,,,
G. Fischer,,,,
John M. Linacre,,,,
W. Boone,,,,
S. Vahid Aryadoust,Yau Che Ming,,,
William P. Fisher Jr,,,,
Wilson M,,,,
William P. Fisher Jr,,,,
S. Kreiner,,,,
Y. Uchida,,,,
G. Rasch,,,,
William P. Fisher Jr,,,,
E. Wolfe,,,,
John M. Linacre,,,,
John M. Linacre,,,,
John M. Linacre,,,,
B. Peterlin,,,,
B.M. Craig,,,,
William P. Fisher Jr,,,,
William P. Fisher Jr,,,,
John M. Linacre,,,,
John M. Linacre,,,,
John M. Linacre,,,,
M. Garner,,,,
M.H. Stone,D. Burdick,,,
S.V. Aryadoust,,,,
John M. Linacre,,,,
P. Daftarifard,R. Lange,,,
P. Baghaei,,,,
G. Engelhard,,,,
Wright B.D,,,,
John M. Linacre,,,,
F. Tze-ho,,,,
S.V. Aryadoust,,,,
R.R. Sinkovics,,,,
William P. Fisher Jr,,,,
W. Boone,,,,
Wright B.D,,,,
T. Waddington,,,,
D.S. Burdick,,,,
E.L. Thorndike,,,,
Wright B.D,,,,
W Best,,,,
C Granger,,,,
A Burga Le n,,,,
S Luppescu,F Hong,,,
J Rost,,,,
W Boone,,,,
S. Walter,,,,
GA Churchill,,,,
R. Goethals,,,,
H Li,F Hong,,,
W Katzenbeisser,,,,
KJ Rowe,,,,
John M. Linacre,,,,
P Baghaei,,,,
William P. Fisher Jr,,,,
John M. Linacre,,,,
M Enos,,,,
G. Engelhard,,,,
Trevor G. Bond,,,,
William P. Fisher Jr,,,,
John M. Linacre,,,,
G. Rasch,,,,
G. Engelhard,,,,
L. Lessard,,,,
William P. Fisher Jr,,,,
William P. Fisher Jr,,,,
S. Mannarini,R. Lalli,,,
M.M. Duran,,,,
Purya Baghaei,,,,
William P. Fisher Jr,,,,
Carl V. Granger,,,,
George Engelhard Jr,,,,
John M. Linacre,,,,
John A. Stahl,Timothy Muckle,,,
George Engelhard Jr,,,,
Ronald Mead,,,,
Mary E. Lunz,,,,
William P. Fisher Jr,,,,
John M. Linacre,,,,
William P. Fisher Jr,,,,
Warm T.A,,,,
Purya Baghaei,,,,
John M. Linacre,,,,
John M. Linacre,,,,
Tristan A,,,,
Riopel M,,,,
John M. Linacre,,,,
John M. Linacre,,,,
Riopel M,,,,
Pallant J.F,,,,
John M. Linacre,,,,
John M. Linacre,,,,
William P. Fisher Jr,John M. Linacre,,,
John M. Linacre,John M. Linacre,,,
Oreja-Rodr guez J.R,Alvarez P,,,
 John M. Linacre,,,,
F. Wolfe,,,,
Luppescu S,,,,
Lang S,,,,
John M. Linacre,,,,
John M. Linacre,John M. Linacre,,,
John M. Linacre,,,,
Lunz M,,,,
Velozo C,,,,
Waugh R.F,,,,
William P. Fisher Jr,,,,
Athanasou J.A,,,,
Hungi N,,,,
Ra che G,,,,
David Andrich,,,,
Allerup P,,,,
Kelley B,,,,
Wright B.D,,,,
John M. Linacre,,,,
John M. Linacre,,,,
Smith R,,,,
Stone G,,,,
Lang S,,,,
William P. Fisher Jr,,,,
Smith R,,,,
Test Optimization,W. E. Deming,,,
John M. Linacre,,,,
John M. Linacre,,,,
Wright B.D,,,,
Smith R,,,,
William P. Fisher Jr,,,,
Blomberg C,,,,
Heinemann A,,,,
Zeger S,,,,
John M. Linacre,,,,
Reeve B,,,,
Lange R,,,,
John M. Linacre,,,,
Bezruczko N,,,,
Moulden B,,,,
Wu M,,,,
Reeve B,,,,
Smith E. V,Smith R,,,
Ratio Revisited Again,William P. Fisher Jr,,,
Smith R,,,,
Smith E. V,Smith R,,,
Wilson M,,,,
Schulz M,,,,
John M. Linacre,,,,
Trevor G. Bond,,,,
William P. Fisher Jr,,,,
William P. Fisher Jr,,,,
David Andrich,,,,
John M. Linacre,,,,
John M. Linacre,,,,
Tennant A,,,,
Wilkerson J,,,,
Wilson M,,,,
David Cella,,,,
Smith R,,,,
Nakamura Y,,,,
John M. Linacre,,,,
Smith R,,,,
Stenner A.J,Stone M.H,,,
De Bruin D,,,,
Keeves J.P,Elliott D.B,,,
John M. Linacre,,,,
Luo G,,,,
Tennant A,,,,
Smith R,,,,
G.E. Stone,,,,
N. Bezruczko,,,,
John M. Linacre,,,,
John M. Linacre,,,,
Richard M. Smith,,,,
L.C. Stecchi,,,,
J.R. Donoghue,,,,
Wright B.D,,,,
John M. Linacre,,,,
Alain Lepl ge,,,,
Thomas Salzberger,,,,
Wright B.D,M.H. Stone,,,
Explorations Following Michell,R. Graves,,,
M.A. Spence,,,,
R. Bowles,,,,
John M. Linacre,,,,
Yumoto F,,,,
Smith R,,,,
John M. Linacre,,,,
William P. Fisher Jr,,,,
Masters G,,,,
John M. Linacre,,,,
Uebersax JS,,,,
John M. Linacre,,,,
William P. Fisher Jr,,,,
Smith R,,,,
David Andrich,,,,
Tristan A,,,,
John M. Linacre,,,,
Laidman J,,,,
Humphry S,,,,
Stephanou A,,,,
Smith R,,,,
John M. Linacre,,,,
Bell SR,,,,
Baker F,,,,
Luo G,,,,
David Andrich,,,,
Eton D.T,,,,
John M. Linacre,,,,
Lang S,,,,
McNamara T,,,,
William P. Fisher Jr,,,,
John M. Linacre,,,,
John M. Linacre,,,,
Smith R,,,,
Bezruczko N,,,,
Trevor G. Bond,,,,
John M. Linacre,,,,
Wilson M,,,,
John M. Linacre,,,,
John M. Linacre,,,,
Lloyd S,,,,
Wright B.D,,,,
Smith R,,,,
Smith R,,,,
Sitsma K,,,,
John M. Linacre,,,,
John M. Linacre,,,,
Florin R.E,,,,
Florin R.E,,,,
Fox C,,,,
Fox C,,,,
John M. Linacre,,,,
Stone M,,,,
John M. Linacre,,,,
Cochrane R.E,,,,
John M. Linacre,,,,
Snijders T.A,,,,
Andersen E,,,,
Stenner J,,,,
Masters G,,,,
John M. Linacre,,,,
Bayley S,,,,
National Physical Laboratory,,,,
John M. Linacre,,,,
John M. Linacre,,,,
William P. Fisher Jr,,,,
David Andrich,,,,
Andersen M,,,,
Karabatsos G,,,,
Smith R,,,,
Wright B.D,,,,
John M. Linacre,,,,
Barnard G.A,,,,
Wright B.D,,,,
Stelmack J,,,,
G. Quotations,,,,
Wright B.D,,,,
Trevor G. Bond,,,,
Barrett P,,,,
Karabatsos G,,,,
Duncan OD,,,,
Smith R,,,,
Wright B.D,,,,
John M. Linacre,,,,
Bowles R,,,,
Wright B.D,,,,
John M. Linacre,,,,
Weesie J,,,,
John M. Linacre,,,,
William P. Fisher Jr,,,,
Dodsley R,,,,
Chen C.C,,,,
John M. Linacre,,,,
John M. Linacre,,,,
MacIntosh R,,,,
William P. Fisher Jr,,,,
Rasch Abstracts,,,,
David Andrich,,,,
O Neill T,,,,
John M. Linacre,,,,
Tuska S A,,,,
Bjorner J,,,,
Vilagut G,,,,
John M. Linacre,,,,
John M. Linacre,,,,
Guttman L,,,,
Williams J,,,,
O Neill T,,,,
Yeoh O. C,,,,
Vidal R,,,,
Smith R,,,,
O Neill T,,,,
O Neill T,,,,
Drehmer T,,,,
Smith R,,,,
Rasch Measurement SIG,,,,
Bezruczko N,,,,
John M. Linacre,,,,
Chung C.-H,,,,
Smith R,,,,
Bernoulli J,,,,
Karabatsos G,,,,
John M. Linacre,,,,
O Neill T,,,,
S. Ingebo,,,,
Sheridan B,,,,
Tennant A,,,,
Wright B.D,,,,
John M. Linacre,,,,
Wright B.D,,,,
Roberts J.S,Drehmer D.E,,,
John M. Linacre,,,,
Bode R,,,,
William P. Fisher Jr,,,,
Mosenkis J,,,,
John M. Linacre,,,,
John M. Linacre,,,,
Choi S. E,,,,
Wright B.D,,,,
Stone M. H,,,,
Stenner A. J,,,,
Micko H. C,,,,
William P. Fisher Jr,,,,
Yamaguchi J,,,,
John M. Linacre,,,,
John M. Linacre,,,,
Wright B.D,,,,
Wright B.D,,,,
Stone M. H,,,,
David Andrich,,,,
Wegener B,,,,
Rawcliffe J,,,,
Thorndike E. L,,,,
John M. Linacre,,,,
Ingebo G,,,,
John M. Linacre,,,,
Wright B.D,,,,
William P. Fisher Jr,,,,
Alred K,,,,
Smith R,,,,
Wright B.D,,,,
John M. Linacre,,,,
Jeynes W.H,,,,
Lopez W,,,,
John M. Linacre,,,,
John M. Linacre,,,,
O Neill T,,,,
Pulgarin A,,,,
Trevor G. Bond,,,,
Campbell S.K,,,,
Granger CV,,,,
Ingebo G,,,,
John M. Linacre,,,,
John M. Linacre,,,,
Wright B.D,,,,
Looney M.A,,,,
Wilson M,,,,
Wright B.D,,,,
Wright B.D,,,,
Wright B.D,,,,
Wright B.D,,,,
Douglas GA,,,,
Cole E.L,,,,
John M. Linacre,,,,
Burdick B,Stenner AJ,,,
Mo F,,,,
William P. Fisher Jr,,,,
Wright B.D,,,,
Schumacker RE,Muchinsky PM,,,
William P. Fisher Jr,,,,
Wright B.D,Bock RD,,,
Lopez W,,,,
Tang K,Tang J,,,
Alred K,,,,
Shen L,,,,
Engelhard G Jr,Wilson M,John M. Linacre,,
John M. Linacre,,,,
Lang S,,,,
William P. Fisher Jr,,,,
David Andrich,,,,
William P. Fisher Jr,,,,
Tennant A,,,,
Anderson V,,,,
John M. Linacre,,,,
Halkitis PN,,,,
Wright B.D,,,,
Choe I,,,,
Luce RD,,,,
Mallows C,,,,
Nordenski ld U,,,,
Young JW,,,,
Kreiner S,,,,
John M. Linacre,,,,
Stone GE,,,,
Granger CV,,,,
John M. Linacre,,,,
John M. Linacre,,,,
Rasch G,,,,
John M. Linacre,,,,
William P. Fisher Jr,,,,
John M. Linacre,,,,
Wright B.D,,,,
Wright B.D,,,,
Lopez W,,,,
Wright B.D,,,,
Zhu W,,,,
Loftus GR,,,,
Luppescu S,,,,
John M. Linacre,,,,
Yates F,,,,
Bergstrom BA,,,,
Stenner AJ,,,,
Stone GE,,,,
Peladeau N,,,,
William P. Fisher Jr,,,,
Vanezky R,,,,
John M. Linacre,,,,
Robusto E,,,,
Bergstrom BA,,,,
Moulton MH,,,,
Eckberg S,,,,
John M. Linacre,,,,
William P. Fisher Jr,,,,
Wright B.D,,,,
Wright B.D,,,,
Wilkinson G,,,,
Gabel D,,,,
John M. Linacre,,,,
Wright B.D,,,,
Smith R,,,,
Stenner AJ,,,,
Wright B.D,,,,
John M. Linacre,,,,
Engelhard G Jr,,,,
John M. Linacre,,,,
Bezruczko N,,,,
Wright B.D,,,,
John M. Linacre,,,,
Wright B.D,,,,
Roberts J,,,,
Wright B.D,,,,
Williams E,,,,
Wright B.D,,,,
Granger CV,,,,
William P. Fisher Jr,,,,
Wright B.D,,,,
William P. Fisher Jr,,,,
Wright B.D,,,,
Masters G,,,,
Balakrishnan N,,,,
Rehfeldt TK,,,,
Luppescu S,,,,
John M. Linacre,,,,
Chang C.-H,,,,
John M. Linacre,,,,
William P. Fisher Jr,,,,
Lang S,,,,
Smith R,,,,
Wright B.D,,,,
Wright B.D,,,,
Wright B.D,,,,
John M. Linacre,,,,
Stenner AJ,,,,
Wright B.D,,,,
John M. Linacre,,,,
Bergstrom B,,,,
John M. Linacre,,,,
Mu oz-Sandoval A,,,,
William P. Fisher Jr,,,,
Willmes K,,,,
William P. Fisher Jr,,,,
William P. Fisher Jr,,,,
Rehfeldt TK,,,,
William P. Fisher Jr,,,,
Wright B.D,,,,
Deville C,,,,
John M. Linacre,,,,
Masters G,,,,
John M. Linacre,,,,
Wright B.D,,,,
Grosse M,,,,
D. Scates,,,,
Masters G,,,,
John M. Linacre,,,,
Rehfeldt TK,,,,
John M. Linacre,,,,
Engelhard G Jr,,,,
William P. Fisher Jr,,,,
John M. Linacre,,,,
David Andrich,,,,
Wright B.D,,,,
Wright B.D,,,,
Weeks D,,,,
Moulton MH,,,,
Bush MJ,,,,
William P. Fisher Jr,,,,
John M. Linacre,,,,
Kirk Becker,,,,
John M. Linacre,,,,
Lee OK,,,,
Verhelst N,,,,
Halkitis PN,,,,
Pedler P,,,,
William P. Fisher Jr,,,,
Smoyer S,,,,
Wright B.D,,,,
John M. Linacre,,,,
Smith R,,,,
Tukey JW,,,,
Halkitis PN,,,,
Horabin I,,,,
Jansen PGW,,,,
John M. Linacre,,,,
Narayanan P,,,,
William P. Fisher Jr,,,,
William P. Fisher Jr,,,,
Theunissen TJJM,,,,
Wright B.D,,,,
Cassidy HG,,,,
Newman L,,,,
Ludlow LH,,,,
Henning G,,,,
Woodcock RW,,,,
Gershon R,,,,
Woody C,,,,
Engelhard G Jr,,,,
William P. Fisher Jr,,,,
Hambleton RK,,,,
John M. Linacre,,,,
Wright B.D,,,,
Gilbert FS,,,,
Johnson J,,,,
Piel E,,,,
Lee OK,,,,
William P. Fisher Jr,,,,
John M. Linacre,,,,
Wright B.D,,,,
Wright B.D,,,,
L. J. Cronbach,,,,
John M. Linacre,,,,
Lee OK,,,,
G. Engelhard,,,,
Wright B.D,,,,
S. Chae,,,,
Williams R.M,,,,
Wright B.D,,,,
Durkin JE,,,,
Wright B.D,,,,
Wright B.D,,,,
Wright B.D,,,,
Boone WJ,,,,
Engelhard G Jr,,,,
Gonseth F,,,,
Wisniewski DR,,,,
Garcia HI,,,,
William P. Fisher Jr,,,,
John M. Linacre,,,,
John M. Linacre,,,,
John M. Linacre,,,,
David Andrich,,,,
Masters G,,,,
John M. Linacre,,,,
Rost J,,,,
Gershon R,,,,
Wright B.D,,,,
David Andrich,,,,
Kutylowski AJ,,,,
John M. Linacre,,,,
Zaner R,,,,
Xiao B,,,,
John M. Linacre,,,,
John M. Linacre,,,,
Wright B.D,,,,
Owen DR,,,,
Engelhard G Jr,,,,
John M. Linacre,,,,
Michell J,,,,
Yao T,J.M. Linacre,,,
Fisher P,,,,
Duncan OD,,,,
Schoonman W,,,,
Tatum DS,,,,
Engelhard G Jr,,,,
Wright B.D,,,,
Theunissen TJJM,,,,
John M. Linacre,,,,
Wright B.D,,,,
Lunz M,,,,
Wilson M,,,,
McArthur D,,,,
Boone WJ,,,,
Hashway R,,,,
Adams R,Toon K,,,
Shaw F,,,,
Shaw F,,,,
Kyburg HE,,,,
Roid GH,,,,
Wright B.D,,,,
Luppescu S,,,,
Cheung KC,,,,
John M. Linacre,,,,
Lunz M,,,,
William P. Fisher Jr,,,,
Singleton M,,,,
Stahl JA,,,,
Rehfeldt TK,,,,
Engelhard G Jr,,,,
Stenner AJ,,,,
Bergstrom B,,,,
Alvarez P,,,,
William P. Fisher Jr,,,,
Bezruczko N,,,,
Julian E,,,,
Wright B.D,,,,
Goldenberg DS,,,,
Guilford JP,,,,
Engelhard G Jr,,,,
David Andrich,,,,
Haladyna TM,,,,
Myford CM,,,,
Brown WL,,,,
John M. Linacre,,,,
Schulz M,,,,
Daniel M,,,,
William P. Fisher Jr,,,,
Engelhard G Jr,,,,
Smith MW,,,,
Ingebo G,,,,
Doig B,,,,
Douglas GA,,,,
Smith R,,,,
Schulz M,,,,
Masters G,,,,
Ingebo G,,,,
Wright B.D,,,,
Smith R,,,,
John M. Linacre,,,,
Ingebo G,,,,
Stahl JA,,,,
William P. Fisher Jr,,,,
Wright B.D,,,,
Wright B.D,,,,
Lunz M,,,,
Smith D,,,,
Wright B.D,,,,
Ingebo G,,,,
John M. Linacre,,,,
Kramer GA,,,,
John M. Linacre,,,,
Wright B.D,,,,
Schulz M,,,,
Rasch G,,,,
Forster F,,,,
William P. Fisher Jr,,,,
Wright B.D,,,,
Wright B.D,,,,
Wright B.D,,,,
Smith R,,,,
Wright B.D,,,,
David Andrich,,,,
Wright B.D,,,,
Schulz M,,,,
Wright B.D,,,,
John M. Linacre,,,,
John M. Linacre,,,,
David Andrich,,,,
